id,nombre,disciplina,actividad,lat,lon,imagen,ficha_url,avatar_url,tour360_url,estado,created_at,oficio,subcategoria,direccion,municipio,comarca,web,instagram,facebook,tiktok,email,telefono,tiene_dca,tienda_fisica,tienda_online,exporta,riesgo_desaparicion,actividad_digital,actividad_artesanal,potencial_turistico,antiguedad_anos,asociaciones_vinculadas,ferias_vinculadas,descripcion,curiosidad,historia
,Cerámica La Navà,Cerámica,Cerámica de Agost tradicional a torno,38.4464,-0.6401,,,https://www.ceramicalanava.com/,,,propuesto,2025-12-03T00:00:00Z,Cerámica de Agost,Botijos y cántaros,Camino del Teular 26,Agost,Alacantí,https://www.ceramicalanava.com/,https://www.instagram.com/ceramicalanava,,,,info@ceramicalanava.com,965691646,true,true,true,false,medio,3,5,5,120,Gremio de Alfareros de Agost,Feria Alfarera Agost,Taller histórico de Agost especializado en botijos y piezas tradicionales de barro,El barro local tiene color crema característico,Una de las familias que alimentaron la fama de Agost como cuna alfarera
,Taller Alfar Chulvi,Cerámica,Cerámica utilitaria a mano,38.4480,-0.6432,,,,https://www.instagram.com/alfarchulvi,,,propuesto,2025-12-03T00:00:00Z,Alfarería,Utilitaria,C/ San José 8,Agost,Alacantí,,https://www.instagram.com/alfarchulvi,,,,,true,true,false,false,medio,3,4,4,70,Gremio Alfareros,Feria Alfarera,Taller familiar con producción de piezas utilitarias y decorativas,Trabajan torno tradicional sin automatización,El oficio pasa de abuelos a nietos sin interrupción
,Abanicos Peris Benito,Abanico,Diseño y fabricación de abanicos artesanos,38.5432,-0.1117,,,https://perisbenito.es/,,,propuesto,2025-12-03T00:00:00Z,Abanico,Pintado y montaje,C/ Sant Rafel 3,La Nucía,Marina Baixa,https://perisbenito.es/,https://www.instagram.com/abanicosperisbenito,,,,info@perisbenito.es,604126342,false,true,true,true,bajo,4,4,4,40,Gremio abanicos,Ferias artesanía,Taller de abanicos con diseños propios y pintados a mano,Hacen abanicos personalizados para fiestas y eventos,Pioneros en recuperar el abanico mediterráneo como icono cultural
,Miel y Tradición Serra Mariola,Alimentación,Miel pura y derivados,38.7704,-0.4963,,,,,,propuesto,2025-12-03T00:00:00Z,Apicultura,Miel y cera,Camí de Penya el Frare,Banyeres de Mariola,Alcoià,,https://www.instagram.com/mielmariola,,,,,false,true,true,true,medio,3,5,5,25,Asociación Apicultores,Mercado Biodiversidad,Productores artesanos de miel cruda con métodos tradicionales,El apiario está a 700m de altura,Miel premiada varias veces en concursos comarcales
,Sombreros Ibarra,Sombrerería,Sombreros y gorras artesanales,38.5368,-0.6933,,,,,,propuesto,2025-12-03T00:00:00Z,Sombrerería,Sombreros clásicos,Avinguda País Valencià 17,Alcoi,Alcoià,,https://www.instagram.com/sombrerosibarra,,,,964332110,false,true,false,false,alto,2,4,3,80,Gremio textil,Feria Modernista Alcoi,Sombrerería con técnicas del siglo XIX,Cosen fieltro natural sin máquinas modernas,Última sombrerería artesanal activa en la comarca
,Taller de Forja La Torre,Metal,Forja artística y restauración,38.5059,-0.4168,,,,,,propuesto,2025-12-03T00:00:00Z,Forja,Artística,C/ Purísima 28,La Torre de les Maçanes,Alacantí,,,,,,false,true,false,false,medio,2,4,3,55,Gremio metal,Fira Artesans,Taller especializado en rejas, lámparas y mobiliario en hierro forjado,El horno sigue siendo de carbón vegetal,Técnicas heredadas de antiguos maestros herreros
,Panadería Artesana Toni,Panadería,Pan tradicional de masa madre,38.4217,-0.7292,,,,,,propuesto,2025-12-03T00:00:00Z,Panadería,Masa madre,C/ Nou 3,Novelda,Vinalopó Mitjà,,https://www.instagram.com/panaderiatoni,,,,,false,true,false,false,bajo,4,5,4,100,Gremio panaderos,Feria de Novelda,Panadería centenaria con hornos de leña,Sus barras llevan fermentación de 24 h,Familia panadera con más de un siglo de actividad
,Taller de Encuadernación Miguel Torres,Encuadernación,Restauración de libros y encuadernación artesanal,38.3451,-0.4871,,,,,,propuesto,2025-12-03T00:00:00Z,Encuadernación,Artística,C/ Doctor Just 9,Alicante,Alacantí,,,,,,false,true,false,false,medio,3,4,4,30,Asoc. Encuadernadores,Certamen del Libro Antiguo,Taller especializado en libros antiguos y pergaminos,Usan técnicas de cosido medievales,Clientes incluyen archivos históricos
,Instrumentos Tradicionales El Xocolater,Instrumentos,Fabricación de dulzainas y percusión,38.6255,-0.5992,,,,,,propuesto,2025-12-03T00:00:00Z,Luthería,Dulzainas,C/ Sant Roc 21,Ibi,Alcoià,,https://www.instagram.com/elxocolater,,,,,false,true,false,true,medio,2,5,5,35,Gremio dulzaineros,Fires Populars,Fabrican dulzainas y tambores tradicionales para fiestas del norte de Alicante,Usan maderas locales como el boj y el fresno,El taller nació para suplir la falta de fabricantes en la zona
,Artesanía de Palma y Esparto Pepico,Palma y esparto,Trenzado de palma y esparto,38.3135,-0.4932,,,,,,propuesto,2025-12-03T00:00:00Z,Esparto,Palma trenzada,C/ Jaume I 14,Crevillent,Baix Vinalopó,,,,,,false,true,false,false,alto,1,5,5,60,Colectivo artesanos Crevillent,Fira Tradicional Crevillent,Trenzado manual de fibras vegetales para alfombras y cestos,Crevillent fue capital alfombrera de esparto en el XIX,Últimos talleres activos del municipio
